{"cameraMode":{"drawMode":0,"name":"Shaded","section":"Shading Mode"},"sceneLighting":true,"audioPlay":false,"sceneViewState":{"m_AlwaysRefresh":false,"showFog":true,"showSkybox":true,"showFlares":true,"showImageEffects":true,"showParticleSystems":true,"showVisualEffectGraphs":true,"m_FxEnabled":true},"in2DMode":false,"pivot":{"x":1.6367478370666505,"y":0.4771552085876465,"z":6.2878217697143559},"rotation":{"x":-0.039001140743494037,"y":-0.8409891724586487,"z":0.06117161363363266,"w":-0.5362182855606079},"size":4.692609786987305,"orthographic":false}